kalshi_ticker,poly_slug,date,poly_result,kalshi_result,poly_price,matching
KXNHLGAME-26FEB05FLATB-FLA,nhl-fla-tb-2026-02-05,2026-01-09T16:34:36.645546Z,no,no,0.001,1
KXNHLGAME-26FEB05NSHWSH-NSH,nhl-nsh-wsh-2026-02-05,2026-01-09T16:34:35.958555Z,no,no,0.001,1
KXNHLGAME-26FEB05CARNYR-CAR,nhl-car-nyr-2026-02-05,2026-01-09T16:34:36.215388Z,yes,yes,0.999,1
KXNHLGAME-26FEB05OTTPHI-OTT,nhl-ott-phi-2026-02-05,2026-01-09T16:34:35.701247Z,yes,yes,0.999,1
KXNHLGAME-26FEB04BOSFLA-BOS,nhl-bos-fla-2026-02-04,2026-01-08T16:31:33.651529Z,no,no,0.001,1
KXNHLGAME-26FEB04MTLWPG-MTL,nhl-mon-wpg-2026-02-04,2026-01-08T16:31:33.906894Z,yes,yes,0.999,1
KXNHLGAME-26FEB04MINNSH-MIN,nhl-min-nsh-2026-02-04,2026-01-08T16:31:32.808191Z,yes,yes,0.999,1
KXNHLGAME-26FEB03BUFTB-BUF,nhl-buf-tb-2026-02-03,2026-01-07T16:31:27.553213Z,no,no,0.001,1
KXNHLGAME-26FEB03CBJNJ-CBJ,nhl-cbj-nj-2026-02-03,2026-01-07T16:31:28.326326Z,yes,yes,0.999,1
KXNHLGAME-26FEB02OTTPIT-OTT,nhl-ott-pit-2026-02-02,2026-01-06T16:31:23.108629Z,yes,yes,0.999,1
KXNHLGAME-26FEB02BUFFLA-BUF,nhl-buf-fla-2026-02-02,2026-01-06T16:31:23.364733Z,yes,yes,0.999,1
KXNHLGAME-26FEB02NYIWSH-NYI,nhl-nyi-wsh-2026-02-02,2026-01-06T16:31:23.877213Z,no,no,0.001,1
KXNHLGAME-26FEB01BOSTB-BOS,nhl-bos-tb-2026-02-01,2026-01-05T16:31:29.102699Z,no,no,0.001,1
KXNHLGAME-26JAN31NSHNYI-NSH,nhl-nsh-nyi-2026-01-31,2026-01-04T16:31:35.284664Z,yes,yes,0.999,1
KXNHLGAME-26JAN31TORVAN-TOR,nhl-tor-van-2026-01-31,2026-01-04T16:31:29.057857Z,yes,yes,0.999,1
KXNHLGAME-26JAN31NJOTT-NJ,nhl-nj-ott-2026-01-31,2026-01-04T16:31:27.1819Z,no,no,0.001,1
KXNHLGAME-26JAN31CBJSTL-CBJ,nhl-cbj-stl-2026-01-31,2026-01-04T16:31:29.836054Z,yes,yes,0.999,1
KXNHLGAME-26JAN31CARWSH-CAR,nhl-car-wsh-2026-01-31,2026-01-04T16:31:29.577381Z,no,no,0.001,1
KXNHLGAME-26JAN31NYRPIT-NYR,nhl-nyr-pit-2026-01-31,2026-01-04T16:31:28.207861Z,no,no,0.001,1
KXNHLGAME-26JAN31COLDET-COL,nhl-col-det-2026-01-31,2026-01-04T16:31:27.438727Z,yes,yes,0.999,1
KXNHLGAME-26JAN30CBJCHI-CBJ,nhl-cbj-chi-2026-01-30,2026-01-03T16:31:23.042031Z,yes,yes,0.999,1
KXNHLGAME-26JAN29ANAVAN-ANA,nhl-ana-van-2026-01-29,2026-01-02T16:31:31.434837Z,no,no,0.001,1
KXNHLGAME-26JAN29FLASTL-FLA,nhl-fla-stl-2026-01-29,2026-01-02T16:31:31.690786Z,no,no,0.09,1
KXNHLGAME-26JAN29CHIPIT-CHI,nhl-chi-pit-2026-01-29,2026-01-02T16:31:18.95479Z,no,no,0.001,1
KXNHLGAME-26JAN29NYINYR-NYI,nhl-nyi-nyr-2026-01-29,2026-01-02T16:31:19.210987Z,yes,yes,0.999,1
KXNHLGAME-26JAN29COLMTL-COL,nhl-col-mon-2026-01-29,2026-01-02T16:31:27.960935Z,no,no,0.001,1
KXNHLGAME-26JAN28COLOTT-COL,nhl-col-ott-2026-01-28,2026-01-01T16:31:21.958814Z,no,no,0.001,1
KXNHLGAME-26JAN27SJVAN-SJ,nhl-sj-van-2026-01-27,2025-12-31T16:31:28.777437Z,yes,yes,0.999,1
KXNHLGAME-26JAN27DALSTL-DAL,nhl-dal-stl-2026-01-27,2025-12-31T16:31:27.344805Z,yes,yes,0.999,1
KXNHLGAME-26JAN27CHIMIN-CHI,nhl-chi-min-2026-01-27,2025-12-31T16:31:29.03447Z,no,no,0.001,1
KXNHLGAME-26JAN27BUFTOR-BUF,nhl-buf-tor-2026-01-27,2025-12-31T16:31:26.016413Z,yes,yes,0.999,1
KXNHLGAME-26JAN26NYIPHI-NYI,nhl-nyi-phi-2026-01-26,2025-12-30T16:31:25.715538Z,yes,yes,0.999,1
KXNHLGAME-26JAN26ANAEDM-ANA,nhl-ana-edm-2026-01-26,2025-12-30T16:31:26.668037Z,no,no,0.001,1
KXNHLGAME-26JAN26BOSNYR-BOS,nhl-bos-nyr-2026-01-26,2025-12-30T16:31:25.197937Z,no,no,0.001,1
KXNHLGAME-26JAN25PITVAN-PIT,nhl-pit-van-2026-01-25,2025-12-29T16:31:27.748903Z,yes,yes,0.999,1
KXNHLGAME-26JAN25COLTOR-COL,nhl-col-tor-2026-01-25,2025-12-29T16:31:28.518562Z,yes,yes,0.999,1
KXNHLGAME-26JAN25NJSEA-NJ,nhl-nj-sea-2026-01-25,2025-12-29T16:31:28.26219Z,no,no,0.001,1
KXNHLGAME-26JAN24FLAMIN-FLA,nhl-fla-min-2026-01-24,2025-12-28T16:31:26.646464Z,yes,yes,0.999,1
KXNHLGAME-26JAN24CAROTT-CAR,nhl-car-ott-2026-01-24,2025-12-28T16:31:26.132496Z,yes,yes,0.999,1
KXNHLGAME-26JAN24DETWPG-DET,nhl-det-wpg-2026-01-24,2025-12-28T16:31:25.876523Z,yes,yes,0.999,1
KXNHLGAME-26JAN24BUFNYI-BUF,nhl-buf-nyi-2026-01-24,2025-12-28T16:31:22.965913Z,yes,yes,0.999,1
KXNHLGAME-26JAN23NYRSJ-NYR,nhl-nyr-sj-2026-01-23,2025-12-27T16:31:23.848034Z,no,no,0.01,1
KXNHLGAME-26JAN23NJVAN-NJ,nhl-nj-van-2026-01-23,2025-12-27T16:31:25.491219Z,yes,yes,0.999,1
KXNHLGAME-26JAN23ANASEA-ANA,nhl-ana-sea-2026-01-23,2025-12-27T16:31:23.591787Z,yes,yes,0.999,1
KXNHLGAME-26JAN22DETMIN-DET,nhl-det-min-2026-01-22,2025-12-26T16:31:30.762612Z,no,no,0.001,1
KXNHLGAME-26JAN22FLAWPG-FLA,nhl-fla-wpg-2026-01-22,2025-12-26T16:31:26.887069Z,yes,yes,0.999,1
KXNHLGAME-26JAN22BUFMTL-BUF,nhl-buf-mon-2026-01-22,2025-12-26T16:31:07.087967Z,yes,yes,0.999,1
KXNHLGAME-26JAN21NYISEA-NYI,nhl-nyi-sea-2026-01-21,2025-12-25T16:31:28.536503Z,no,no,0.001,1
KXNHLGAME-26JAN21DETTOR-DET,nhl-det-tor-2026-01-21,2025-12-25T16:31:22.432013Z,yes,yes,0.999,1
KXNHLGAME-26JAN21ANACOL-ANA,nhl-ana-col-2026-01-21,2025-12-25T16:31:24.539028Z,yes,yes,0.999,1
KXNHLGAME-26JAN20MINMTL-MIN,nhl-min-mon-2026-01-20,2025-12-24T16:31:28.990162Z,no,no,0.001,1
KXNHLGAME-26JAN20STLWPG-STL,nhl-stl-wpg-2026-01-20,2025-12-24T16:31:28.732965Z,no,no,0.01,1
KXNHLGAME-26JAN20BOSDAL-BOS,nhl-bos-dal-2026-01-20,2025-12-24T16:31:28.476506Z,no,no,0.001,1
KXNHLGAME-26JAN20BUFNSH-BUF,nhl-buf-nsh-2026-01-20,2025-12-24T16:31:29.679988Z,yes,yes,0.999,1
KXNHLGAME-26JAN20SJTB-SJ,nhl-sj-tb-2026-01-20,2025-12-24T16:31:29.936983Z,no,no,0.001,1
KXNHLGAME-26JAN19NYIVAN-NYI,nhl-nyi-van-2026-01-19,2025-12-23T16:31:21.174183Z,yes,yes,0.999,1
KXNHLGAME-26JAN19MINTOR-MIN,nhl-min-tor-2026-01-19,2025-12-23T16:31:15.089231Z,yes,yes,0.999,1
KXNHLGAME-26JAN19PITSEA-PIT,nhl-pit-sea-2026-01-19,2025-12-23T16:31:20.846561Z,yes,yes,0.999,1
KXNHLGAME-26JAN19BUFCAR-BUF,nhl-buf-car-2026-01-19,2025-12-23T16:31:17.960401Z,no,no,0.001,1
KXNHLGAME-26JAN17EDMVAN-EDM,nhl-edm-van-2026-01-17,2025-12-21T16:31:36.595Z,yes,yes,0.999,1
KXNHLGAME-26JAN17BOSCHI-BOS,nhl-bos-chi-2026-01-17,2025-12-21T16:31:36.851567Z,yes,yes,0.999,1
KXNHLGAME-26JAN17FLAWSH-FLA,nhl-fla-wsh-2026-01-17,2025-12-21T16:31:20.413378Z,yes,yes,0.999,1
KXNHLGAME-26JAN17CARNJ-CAR,nhl-car-nj-2026-01-17,2025-12-21T16:31:23.832389Z,yes,yes,0.999,1
KXNHLGAME-26JAN17MTLOTT-MTL,nhl-mon-ott-2026-01-17,2025-12-21T16:31:22.4767Z,yes,yes,0.999,1
KXNHLGAME-26JAN17TORWPG-TOR,nhl-tor-wpg-2026-01-17,2025-12-21T16:31:22.73343Z,yes,yes,0.999,1
KXNHLGAME-26JAN17CBJPIT-CBJ,nhl-cbj-pit-2026-01-17,2025-12-21T16:31:21.963163Z,yes,yes,0.999,1
KXNHLGAME-26JAN17NYRPHI-NYR,nhl-nyr-phi-2026-01-17,2025-12-21T16:31:18.236027Z,yes,yes,0.999,1
KXNHLGAME-26JAN15SJWSH-SJ,nhl-sj-wsh-2026-01-15,2025-12-19T16:31:11.655799Z,yes,yes,0.999,1
KXNHLGAME-26JAN15PHIPIT-PHI,nhl-phi-pit-2026-01-15,2025-12-19T16:31:20.221959Z,no,no,0.018,1
KXNHLGAME-26JAN13CARSTL-CAR,nhl-car-stl-2026-01-13,2025-12-17T16:31:26.934476Z,no,no,0.001,1
KXNHLGAME-26JAN13EDMNSH-EDM,nhl-edm-nsh-2026-01-13,2025-12-17T16:31:27.447009Z,no,no,0.001,1
KXNHLGAME-26JAN13NYIWPG-NYI,nhl-nyi-wpg-2026-01-13,2025-12-17T16:31:27.191273Z,no,no,0.001,1
KXNHLGAME-26JAN13MTLWSH-MTL,nhl-mon-wsh-2026-01-13,2025-12-17T16:31:25.64449Z,no,no,0.001,1
KXNHLGAME-26JAN12CARDET-CAR,nhl-car-det-2026-01-12,2025-12-16T16:31:11.737979Z,no,no,0.001,1
KXNHLGAME-26JAN11NJWPG-NJ,nhl-nj-wpg-2026-01-11,2025-12-15T16:31:21.731742Z,no,no,0.001,1
KXNHLGAME-26JAN10DETMTL-DET,nhl-det-mon-2026-01-10,2025-12-14T16:37:47.416838Z,yes,yes,0.999,1
KXNHLGAME-26JAN10CHINSH-CHI,nhl-chi-nsh-2026-01-10,2025-12-14T16:37:48.966618Z,yes,yes,0.999,1
KXNHLGAME-26JAN10ANABUF-ANA,nhl-ana-buf-2026-01-10,2025-12-14T16:37:48.710748Z,no,no,0.001,1
KXNHLGAME-26JAN10FLAOTT-FLA,nhl-fla-ott-2026-01-10,2025-12-14T16:37:48.454949Z,yes,yes,0.999,1
KXNHLGAME-26JAN10CBJCOL-CBJ,nhl-cbj-col-2026-01-10,2025-12-14T16:37:48.199252Z,no,no,0.006,1
KXNHLGAME-26JAN10DALSJ-DAL,nhl-dal-sj-2026-01-10,2025-12-14T16:37:46.624646Z,no,no,0.001,1
KXNHLGAME-26JAN08MINSEA-MIN,nhl-min-sea-2026-01-08,2025-12-12T16:31:28.651859Z,yes,yes,0.999,1
KXNHLGAME-26JAN08EDMWPG-EDM,nhl-edm-wpg-2026-01-08,2025-12-12T16:31:27.888157Z,yes,yes,0.999,1
KXNHLGAME-26JAN08ANACAR-ANA,nhl-ana-car-2026-01-08,2025-12-12T16:31:24.334327Z,no,no,0.009,1
KXNHLGAME-26JAN08BUFNYR-BUF,nhl-buf-nyr-2026-01-08,2025-12-12T16:31:23.029512Z,yes,yes,0.999,1
KXNHLGAME-26JAN08NJPIT-NJ,nhl-nj-pit-2026-01-08,2025-12-12T16:31:23.540551Z,no,no,0.001,1
KXNHLGAME-26JAN08FLAMTL-FLA,nhl-fla-mon-2026-01-08,2025-12-12T16:31:24.079406Z,no,no,0.001,1
KXNHLGAME-26JAN07DALWSH-DAL,nhl-dal-wsh-2026-01-07,2025-12-11T17:51:58.572168Z,yes,yes,0.999,1
KXNHLGAME-26JAN06CBJSJ-CBJ,nhl-cbj-sj-2026-01-06,2025-12-10T16:31:25.23715Z,no,no,0.001,1
KXNHLGAME-26JAN06BOSSEA-BOS,nhl-bos-sea-2026-01-06,2025-12-10T16:31:26.953663Z,no,no,0.001,1
KXNHLGAME-26JAN06FLATOR-FLA,nhl-fla-tor-2026-01-06,2025-12-10T16:31:24.319305Z,no,no,0.002,1
KXNHLGAME-26JAN06ANAPHI-ANA,nhl-ana-phi-2026-01-06,2025-12-10T16:31:22.098619Z,no,no,0.001,1
KXNHLGAME-26JAN06COLTB-COL,nhl-col-tb-2026-01-06,2025-12-10T16:31:24.575378Z,no,no,0.001,1
KXNHLGAME-26JAN06NJNYI-NJ,nhl-nj-nyi-2026-01-06,2025-12-10T16:31:26.00625Z,no,no,0.001,1
KXNHLGAME-26JAN05DETOTT-DET,nhl-det-ott-2026-01-05,2025-12-09T16:36:46.33069Z,yes,yes,1.0,1
KXNHLGAME-26JAN05ANAWSH-WSH,nhl-ana-wsh-2026-01-05,2025-12-09T16:36:45.819926Z,yes,yes,1.0,1
KXNHLGAME-26JAN04CARNJ-CAR,nhl-car-nj-2026-01-04,2025-12-08T16:39:06.814045Z,yes,yes,1.0,1
KXNHLGAME-26JAN04COLFLA-FLA,nhl-col-fla-2026-01-04,2025-12-08T16:39:06.558824Z,yes,yes,1.0,1
KXNHLGAME-26JAN03BOSVAN-BOS,nhl-bos-van-2026-01-03,2025-12-07T16:31:25.613677Z,yes,yes,1.0,1
KXNHLGAME-26JAN03CHIWSH-CHI,nhl-chi-wsh-2026-01-03,2025-12-07T16:31:24.073248Z,yes,yes,1.0,1
KXNHLGAME-26JAN03MTLSTL-STL,nhl-mon-stl-2026-01-03,2025-12-07T16:31:21.446371Z,yes,yes,1.0,1
KXNHLGAME-26JAN03BUFCBJ-CBJ,nhl-buf-cbj-2026-01-03,2025-12-07T16:31:21.700397Z,yes,yes,1.0,1
KXNHLGAME-26JAN02SEAVAN-SEA,nhl-sea-van-2026-01-02,2025-12-06T16:31:29.671416Z,yes,yes,1.0,1
KXNHLGAME-26JAN01NSHSEA-SEA,nhl-nsh-sea-2026-01-01,2025-12-05T16:31:19.735186Z,yes,yes,1.0,1
KXNHLGAME-26JAN01DETPIT-PIT,nhl-det-pit-2026-01-01,2025-12-05T16:31:15.638032Z,yes,yes,1.0,1
KXNHLGAME-25DEC31BOSEDM-BOS,nhl-bos-edm-2025-12-31,2025-12-04T16:31:29.073369Z,yes,yes,1.0,1
KXNHLGAME-25DEC31BUFDAL-BUF,nhl-buf-dal-2025-12-31,2025-12-04T16:31:27.949411Z,yes,yes,1.0,1
KXNHLGAME-25DEC31MINSJ-SJ,nhl-min-sj-2025-12-31,2025-12-04T16:31:27.440636Z,yes,yes,1.0,1
KXNHLGAME-25DEC31NYRWSH-WSH,nhl-nyr-wsh-2025-12-31,2025-12-04T16:31:25.182234Z,yes,yes,1.0,1
KXNHLGAME-25DEC30PHIVAN-PHI,nhl-phi-van-2025-12-30,2025-12-03T16:31:11.495584Z,yes,yes,1.0,1
KXNHLGAME-25DEC30NJTOR-TOR,nhl-nj-tor-2025-12-30,2025-12-03T16:31:09.65061Z,yes,yes,1.0,1
KXNHLGAME-25DEC30CARPIT-PIT,nhl-car-pit-2025-12-30,2025-12-03T16:31:12.732729Z,yes,yes,1.0,1
KXNHLGAME-25DEC29CBJOTT-CBJ,nhl-cbj-ott-2025-12-29,2025-12-02T16:31:20.959596Z,yes,yes,1.0,1
KXNHLGAME-25DEC29EDMWPG-EDM,nhl-edm-wpg-2025-12-29,2025-12-02T16:31:22.658829Z,yes,yes,1.0,1
KXNHLGAME-25DEC29BUFSTL-BUF,nhl-buf-stl-2025-12-29,2025-12-02T16:31:22.351451Z,yes,yes,1.0,1
KXNHLGAME-25DEC28PHISEA-SEA,nhl-phi-sea-2025-12-28,2025-12-01T16:31:27.240786Z,yes,yes,1.0,1
KXNHLGAME-25DEC28MTLTB-TB,nhl-mon-tb-2025-12-28,2025-12-01T16:31:13.496824Z,yes,yes,1.0,1
KXNHLGAME-25DEC27SJVAN-SJ,nhl-sj-van-2025-12-27,2025-11-30T16:31:36.654858Z,yes,yes,1.0,1
KXNHLGAME-25DEC27CHIDAL-CHI,nhl-chi-dal-2025-12-27,2025-11-30T16:31:32.916533Z,yes,yes,1.0,1
KXNHLGAME-25DEC27NSHSTL-STL,nhl-nsh-stl-2025-12-27,2025-11-30T16:31:34.982676Z,yes,yes,1.0,1
KXNHLGAME-25DEC27BOSBUF-BUF,nhl-bos-buf-2025-12-27,2025-11-30T16:31:35.239575Z,yes,yes,1.0,1
KXNHLGAME-25DEC27MINWPG-MIN,nhl-min-wpg-2025-12-27,2025-11-30T16:31:30.424447Z,yes,yes,1.0,1
KXNHLGAME-25DEC27OTTTOR-TOR,nhl-ott-tor-2025-12-27,2025-11-30T16:31:32.405409Z,yes,yes,1.0,1
KXNHLGAME-25DEC23BUFOTT-BUF,nhl-buf-ott-2025-12-23,2025-11-26T16:31:30.358098Z,yes,yes,1.0,1
KXNHLGAME-25DEC23NJNYI-NYI,nhl-nj-nyi-2025-12-23,2025-11-26T16:31:32.864498Z,yes,yes,1.0,1
KXNHLGAME-25DEC23NYRWSH-NYR,nhl-nyr-wsh-2025-12-23,2025-11-26T16:31:28.527351Z,yes,yes,1.0,1
KXNHLGAME-25DEC23DALDET-DET,nhl-dal-det-2025-12-23,2025-11-26T16:31:30.873502Z,yes,yes,1.0,1
KXNHLGAME-25DEC23PITTOR-TOR,nhl-pit-tor-2025-12-23,2025-11-26T16:31:28.26725Z,yes,yes,1.0,1
KXNHLGAME-25DEC22STLTB-TB,nhl-stl-tb-2025-12-22,2025-11-25T16:31:22.578307Z,yes,yes,1.0,1
KXNHLGAME-25DEC21MTLPIT-PIT,nhl-mon-pit-2025-12-21,2025-11-24T16:31:10.751236Z,yes,yes,1.0,1
KXNHLGAME-25DEC21BUFNJ-BUF,nhl-buf-nj-2025-12-21,2025-11-24T16:31:11.528368Z,yes,yes,1.0,1
KXNHLGAME-25DEC21COLMIN-COL,nhl-col-min-2025-12-21,2025-11-24T16:31:11.270603Z,yes,yes,1.0,1
KXNHLGAME-25DEC20SEASJ-SEA,nhl-sea-sj-2025-12-20,2025-11-23T16:31:26.814045Z,yes,yes,1.0,1
KXNHLGAME-25DEC20CARTB-TB,nhl-car-tb-2025-12-20,2025-11-23T16:31:23.860897Z,yes,yes,1.0,1
KXNHLGAME-25DEC20CHIOTT-OTT,nhl-chi-ott-2025-12-20,2025-11-23T16:31:21.063296Z,yes,yes,1.0,1
KXNHLGAME-25DEC20DETWSH-DET,nhl-det-wsh-2025-12-20,2025-11-23T16:31:23.603261Z,yes,yes,1.0,1
KXNHLGAME-25DEC20EDMMIN-MIN,nhl-edm-min-2025-12-20,2025-11-23T16:31:23.086349Z,yes,yes,1.0,1
KXNHLGAME-25DEC19CARFLA-FLA,nhl-car-fla-2025-12-19,2025-11-22T16:31:15.497086Z,yes,yes,1.0,1
KXNHLGAME-25DEC18DALSJ-DAL,nhl-dal-sj-2025-12-18,2025-11-21T16:31:29.09621Z,yes,yes,1.0,1
KXNHLGAME-25DEC18NYRSTL-NYR,nhl-nyr-stl-2025-12-18,2025-11-21T16:31:27.902302Z,yes,yes,1.0,1
KXNHLGAME-25DEC18CHIMTL-MTL,nhl-chi-mon-2025-12-18,2025-11-21T16:31:29.612456Z,yes,yes,1.0,1
KXNHLGAME-25DEC18TORWSH-WSH,nhl-tor-wsh-2025-12-18,2025-11-21T16:31:27.644687Z,yes,yes,1.0,1
KXNHLGAME-25DEC17CARNSH-CAR,nhl-car-nsh-2025-12-17,2025-11-20T16:31:23.196032Z,yes,yes,1.0,1
KXNHLGAME-25DEC16COLSEA-COL,nhl-col-sea-2025-12-16,2025-11-19T16:31:17.932158Z,yes,yes,1.0,1
KXNHLGAME-25DEC16EDMPIT-EDM,nhl-edm-pit-2025-12-16,2025-11-19T16:31:18.188693Z,yes,yes,1.0,1
KXNHLGAME-25DEC16CHITOR-TOR,nhl-chi-tor-2025-12-16,2025-11-19T16:31:17.165317Z,yes,yes,1.0,1
KXNHLGAME-25DEC16ANACBJ-CBJ,nhl-ana-cbj-2025-12-16,2025-11-19T16:31:17.677104Z,yes,yes,1.0,1
KXNHLGAME-25DEC14PHICAR-CAR,nhl-car-phi-2025-12-14,2025-11-16T16:31:17.268022Z,yes,yes,1.0,1
KXNHLGAME-25DEC14BOSMIN-MIN,nhl-bos-min-2025-12-14,2025-11-17T16:31:18.16363Z,yes,yes,1.0,1
KXNHLGAME-25DEC13ANANJ-NJ,nhl-ana-nj-2025-12-13,2025-11-16T16:31:17.526404Z,yes,yes,1.0,1
KXNHLGAME-25DEC07COLPHI-COL,nhl-col-phi-2025-12-07,2025-11-10T16:31:22.179781Z,yes,yes,1.0,1
KXNHLGAME-25DEC06CBJFLA-FLA,nhl-cbj-fla-2025-12-06,2025-11-09T16:31:09.717261Z,yes,yes,1.0,1
KXNHLGAME-25DEC06COLNYR-COL,nhl-col-nyr-2025-12-06,2025-11-09T16:31:09.459878Z,yes,yes,1.0,1
KXNHLGAME-25DEC04PITTB-PIT,nhl-pit-tb-2025-12-04,2025-11-07T16:31:10.335414Z,yes,yes,1.0,1
KXNHLGAME-25DEC04NYROTT-NYR,nhl-nyr-ott-2025-12-04,2025-11-07T16:31:10.077606Z,yes,yes,1.0,1
KXNHLGAME-25DEC04COLNYI-NYI,nhl-col-nyi-2025-12-04,2025-11-07T16:31:13.364315Z,yes,yes,1.0,1
KXNHLGAME-25DEC03BUFPHI-PHI,nhl-buf-phi-2025-12-03,2025-11-06T16:31:20.351794Z,yes,yes,1.0,1
KXNHLGAME-25DEC03DALNJ-DAL,nhl-dal-nj-2025-12-03,2025-11-06T16:31:19.831483Z,yes,yes,1.0,1
KXNHLGAME-25DEC02DALNYR-NYR,nhl-dal-nyr-2025-12-02,2025-11-05T16:31:17.870497Z,yes,yes,1.0,1
KXNHLGAME-25DEC02BOSDET-DET,nhl-bos-det-2025-12-02,2025-11-05T16:31:21.58101Z,yes,yes,1.0,1
KXNHLGAME-25DEC01ANASTL-ANA,nhl-ana-stl-2025-12-01,2025-11-04T16:31:08.629944Z,yes,yes,1.0,1
KXNHLGAME-25DEC01CBJNJ-CBJ,nhl-cbj-nj-2025-12-01,2025-11-04T16:31:09.143537Z,yes,yes,1.0,1
KXNHLGAME-25NOV30ANACHI-CHI,nhl-ana-chi-2025-11-30,2025-11-03T16:31:23.082016Z,yes,yes,1.0,1
KXNHLGAME-25NOV29BUFMIN-BUF,nhl-buf-min-2025-11-29,2025-11-03T16:31:22.314344Z,yes,yes,1.0,1
KXNHLGAME-25NOV29EDMSEA-EDM,nhl-edm-sea-2025-11-29,2025-11-03T16:31:20.390245Z,yes,yes,1.0,1
KXNHLGAME-25NOV28TORWSH-WSH,nhl-tor-wsh-2025-11-28,2025-11-01T15:31:21.442314Z,yes,yes,1.0,1
KXNHLGAME-25NOV28OTTSTL-STL,nhl-ott-stl-2025-11-28,2025-11-01T15:31:21.952765Z,yes,yes,1.0,1
KXNHLGAME-25NOV28COLMIN-MIN,nhl-col-min-2025-11-28,2025-11-01T15:31:19.637546Z,yes,yes,1.0,1
KXNHLGAME-25NOV26DALSEA-DAL,nhl-dal-sea-2025-11-26,2025-10-30T15:31:22.048166Z,yes,yes,1.0,1
KXNHLGAME-25NOV26BUFPIT-PIT,nhl-buf-pit-2025-11-26,2025-10-30T15:31:18.081039Z,yes,yes,1.0,1
KXNHLGAME-25NOV26BOSNYI-BOS,nhl-bos-nyi-2025-11-26,2025-10-30T15:31:18.847195Z,yes,yes,1.0,1
KXNHLGAME-25NOV26WPGWSH-WSH,nhl-wpg-wsh-2025-11-26,2025-10-30T15:31:19.612304Z,yes,yes,1.0,1
KXNHLGAME-25NOV25DALEDM-DAL,nhl-dal-edm-2025-11-25,2025-10-29T15:31:04.587995Z,yes,yes,1.0,1
KXNHLGAME-25NOV24FLANSH-FLA,nhl-fla-nsh-2025-11-24,2025-10-28T15:31:18.093569Z,yes,yes,1.0,1
KXNHLGAME-25NOV24PHITB-TB,nhl-phi-tb-2025-11-24,2025-10-28T15:31:14.965447Z,yes,yes,1.0,1
KXNHLGAME-25NOV24DETNJ-NJ,nhl-det-nj-2025-11-24,2025-10-28T15:31:17.835075Z,yes,yes,1.0,1
KXNHLGAME-25NOV24CBJWSH-WSH,nhl-cbj-wsh-2025-11-24,2025-10-28T15:31:12.905313Z,yes,yes,1.0,1
KXNHLGAME-25NOV23BOSSJ-SJ,nhl-bos-sj-2025-11-23,2025-10-27T15:31:22.80029Z,yes,yes,1.0,1
KXNHLGAME-25NOV23MINWPG-MIN,nhl-min-wpg-2025-11-23,2025-10-27T15:31:20.527124Z,yes,yes,1.0,1
KXNHLGAME-25NOV22COLNSH-COL,nhl-col-nsh-2025-11-22,2025-10-26T15:31:20.477641Z,yes,yes,1.0,1
KXNHLGAME-25NOV22NJPHI-PHI,nhl-nj-phi-2025-11-22,2025-10-26T15:31:21.008994Z,yes,yes,1.0,1
KXNHLGAME-25NOV22TBWSH-TB,nhl-tb-wsh-2025-11-22,2025-10-26T15:31:18.960361Z,yes,yes,1.0,1
KXNHLGAME-25NOV22OTTSJ-OTT,nhl-ott-sj-2025-11-22,2025-10-26T15:31:18.44384Z,yes,yes,1.0,1
KXNHLGAME-25NOV22EDMFLA-EDM,nhl-edm-fla-2025-11-22,2025-10-26T15:31:19.474507Z,yes,yes,1.0,1
KXNHLGAME-25NOV22CBJDET-DET,nhl-cbj-det-2025-11-22,2025-10-26T15:31:16.513489Z,yes,yes,1.0,1
KXNHLGAME-25NOV21CARWPG-CAR,nhl-car-wpg-2025-11-21,2025-10-25T15:31:30.063577Z,yes,yes,1.0,1
KXNHLGAME-25NOV21MINPIT-MIN,nhl-min-pit-2025-11-21,2025-10-25T15:31:27.701744Z,yes,yes,1.0,1
KXNHLGAME-25NOV20DALVAN-DAL,nhl-dal-van-2025-11-20,2025-10-24T15:31:23.946919Z,yes,yes,1.0,1
KXNHLGAME-25NOV20EDMTB-TB,nhl-edm-tb-2025-11-20,2025-10-24T15:31:19.48033Z,yes,yes,1.0,1
KXNHLGAME-25NOV20CBJTOR-CBJ,nhl-cbj-tor-2025-11-20,2025-10-24T15:31:21.217615Z,yes,yes,1.0,1
KXNHLGAME-25NOV19CARMIN-MIN,nhl-car-min-2025-11-19,2025-10-23T15:31:09.61972Z,yes,yes,1.0,1
KXNHLGAME-25NOV19EDMWSH-WSH,nhl-edm-wsh-2025-11-19,2025-10-23T15:31:11.566687Z,yes,yes,1.0,1
KXNHLGAME-25NOV18CBJWPG-WPG,nhl-cbj-wpg-2025-11-18,2025-10-22T15:31:21.57Z,yes,yes,1.0,1
KXNHLGAME-25NOV18NJTB-TB,nhl-nj-tb-2025-11-18,2025-10-22T15:31:22.086Z,yes,yes,1.0,1
KXNHLGAME-25NOV18STLTOR-TOR,nhl-stl-tor-2025-11-18,2025-10-22T15:31:19.55Z,yes,yes,1.0,1
KXNHLGAME-25NOV16DETNYR-DET,nhl-det-nyr-2025-11-16,2025-10-20T15:31:22.411703Z,yes,yes,1.0,1
KXNHLGAME-25NOV16NSHPIT-PIT,nhl-nsh-pit-2025-11-16,2025-10-20T15:31:01.514407Z,yes,yes,1.0,1
KXNHLGAME-25NOV15BUFDET-BUF,nhl-buf-det-2025-11-15,2025-10-19T15:31:16.134382Z,yes,yes,1.0,1
KXNHLGAME-25NOV15NJWSH-NJ,nhl-nj-wsh-2025-11-15,2025-10-19T15:31:15.876324Z,yes,yes,1.0,1
KXNHLGAME-25NOV15BOSMTL-BOS,nhl-bos-mon-2025-11-15,2025-10-19T15:31:15.360392Z,yes,yes,1.0,1
KXNHLGAME-25NOV15ANAMIN-MIN,nhl-ana-min-2025-11-15,2025-10-19T15:31:13.429615Z,yes,yes,1.0,1
KXNHLGAME-25NOV14PHISTL-PHI,nhl-phi-stl-2025-11-14,2025-10-18T15:31:21.977596Z,yes,yes,1.0,1
KXNHLGAME-25NOV13BUFCOL-COL,nhl-buf-col-2025-11-13,2025-10-17T15:31:16.898902Z,yes,yes,1.0,1
KXNHLGAME-25NOV13BOSOTT-OTT,nhl-bos-ott-2025-11-13,2025-10-17T15:31:15.419341Z,yes,yes,1.0,1
KXNHLGAME-25NOV13DALMTL-DAL,nhl-dal-mon-2025-11-13,2025-10-17T15:31:15.677399Z,yes,yes,1.0,1
KXNHLGAME-25NOV13ANADET-DET,nhl-ana-det-2025-11-13,2025-10-17T15:31:14.903935Z,yes,yes,1.0,1
KXNHLGAME-25NOV12EDMPHI-EDM,nhl-edm-phi-2025-11-12,2025-10-16T15:32:00.407995Z,yes,yes,1.0,1
KXNHLGAME-25NOV12NYRTB-NYR,nhl-nyr-tb-2025-11-12,2025-10-16T15:32:00.710993Z,yes,yes,1.0,1
KXNHLGAME-25NOV11CBJSEA-CBJ,nhl-cbj-sea-2025-11-11,2025-10-15T15:31:13.426908Z,yes,yes,1.0,1
KXNHLGAME-25NOV11ANACOL-COL,nhl-ana-col-2025-11-11,2025-10-15T15:31:14.286669Z,yes,yes,1.0,1
KXNHLGAME-25NOV11DALOTT-DAL,nhl-dal-ott-2025-11-11,2025-10-15T15:31:12.001564Z,yes,yes,1.0,1
KXNHLGAME-25NOV10CBJEDM-EDM,nhl-cbj-edm-2025-11-10,2025-10-14T15:31:27.1953Z,yes,yes,1.0,1
KXNHLGAME-25NOV10NSHNYR-NYR,nhl-nsh-nyr-2025-11-10,2025-10-14T15:31:26.934353Z,yes,yes,1.0,1
KXNHLGAME-25NOV09COLVAN-COL,nhl-col-van-2025-11-09,2025-10-13T15:32:16.538235Z,yes,yes,1.0,1
KXNHLGAME-25NOV09CARTOR-CAR,nhl-car-tor-2025-11-09,2025-10-13T15:32:13.217012Z,yes,yes,1.0,1
KXNHLGAME-25NOV09CHIDET-CHI,nhl-chi-det-2025-11-09,2025-10-13T15:32:13.98872Z,yes,yes,1.0,1
KXNHLGAME-25NOV08COLEDM-COL,nhl-col-edm-2025-11-08,2025-10-12T15:31:29.776671Z,yes,yes,1.0,1
KXNHLGAME-25NOV08CBJVAN-VAN,nhl-cbj-van-2025-11-08,2025-10-12T15:31:30.284383Z,yes,yes,1.0,1
KXNHLGAME-25NOV08FLASJ-SJ,nhl-fla-sj-2025-11-08,2025-10-12T15:31:30.996771Z,yes,yes,1.0,1
KXNHLGAME-25NOV08BOSTOR-BOS,nhl-bos-tor-2025-11-08,2025-10-12T15:31:29.013634Z,yes,yes,1.0,1
KXNHLGAME-25NOV08BUFCAR-CAR,nhl-buf-car-2025-11-08,2025-10-12T15:31:30.030535Z,yes,yes,1.0,1
KXNHLGAME-25NOV08SEASTL-SEA,nhl-sea-stl-2025-11-08,2025-10-12T15:31:30.538259Z,yes,yes,1.0,1
KXNHLGAME-25NOV08NYINYR-NYI,nhl-nyi-nyr-2025-11-08,2025-10-12T15:31:28.2371Z,yes,yes,1.0,1
KXNHLGAME-25NOV08DALNSH-DAL,nhl-dal-nsh-2025-11-08,2025-10-12T15:31:27.982453Z,yes,yes,1.0,1
KXNHLGAME-25NOV08OTTPHI-OTT,nhl-ott-phi-2025-11-08,2025-10-12T15:31:28.758679Z,yes,yes,1.0,1
KXNHLGAME-25NOV07MINNYI-MIN,nhl-min-nyi-2025-11-07,2025-10-11T15:31:14.05378Z,yes,yes,1.0,1
KXNHLGAME-25NOV06ANADAL-ANA,nhl-ana-dal-2025-11-06,2025-10-10T15:31:34.784994Z,yes,yes,1.0,1
KXNHLGAME-25NOV06MTLNJ-NJ,nhl-mon-nj-2025-11-06,2025-10-10T15:31:27.705632Z,yes,yes,1.0,1
KXNHLGAME-25NOV05CHIVAN-CHI,nhl-chi-van-2025-11-05,2025-10-09T15:31:32.917821Z,yes,yes,1.0,1
KXNHLGAME-25NOV05STLWSH-WSH,nhl-stl-wsh-2025-11-05,2025-10-09T15:31:21.931169Z,yes,yes,1.0,1
KXNHLGAME-25NOV04CARNYR-CAR,nhl-car-nyr-2025-11-04,2025-10-09T15:31:18.77022Z,yes,yes,1.0,1
KXNHLGAME-25NOV04BOSNYI-BOS,nhl-bos-nyi-2025-11-04,2025-10-09T15:31:15.63952Z,yes,yes,1.0,1
KXNHLGAME-25NOV03CHISEA-SEA,nhl-chi-sea-2025-11-03,2025-10-07T22:15:21.972158Z,yes,yes,1.0,1
KXNHLGAME-25NOV03EDMSTL-STL,nhl-edm-stl-2025-11-03,2025-10-07T22:15:05.805813Z,yes,yes,1.0,1
KXNHLGAME-25NOV03PITTOR-TOR,nhl-pit-tor-2025-11-03,2025-10-07T22:15:09.994523Z,yes,yes,1.0,1
KXNHLGAME-25NOV02DETSJ-DET,nhl-det-sj-2025-11-02,2025-10-07T22:15:03.867955Z,yes,yes,1.0,1
KXNHLGAME-25NOV02CBJNYI-NYI,nhl-cbj-nyi-2025-11-02,2025-10-07T22:15:08.354044Z,yes,yes,1.0,1
KXNHLGAME-25NOV01CHIEDM-EDM,nhl-chi-edm-2025-11-01,2025-10-07T22:15:06.068936Z,yes,yes,1.0,1
KXNHLGAME-25NOV01NYRSEA-NYR,nhl-nyr-sea-2025-11-01,2025-10-07T22:14:51.996036Z,yes,yes,1.0,1
KXNHLGAME-25NOV01DALFLA-FLA,nhl-dal-fla-2025-11-01,2025-10-07T22:14:46.528312Z,yes,yes,1.0,1
KXNHLGAME-25NOV01COLSJ-SJ,nhl-col-sj-2025-11-01,2025-10-07T22:14:50.933958Z,yes,yes,1.0,1
KXNHLGAME-25NOV01PITWPG-WPG,nhl-pit-wpg-2025-11-01,2025-10-07T22:14:46.790934Z,yes,yes,1.0,1
KXNHLGAME-25OCT31NYIWSH-NYI,nhl-nyi-wsh-2025-10-31,2025-10-07T22:14:34.017395Z,yes,yes,1.0,1
KXNHLGAME-25OCT30NJSJ-SJ,nhl-nj-sj-2025-10-30,2025-10-07T22:14:26.418772Z,yes,yes,1.0,1
KXNHLGAME-25OCT30CHIWPG-WPG,nhl-chi-wpg-2025-10-30,2025-10-07T22:14:10.799294Z,yes,yes,1.0,1
KXNHLGAME-25OCT30DALTB-TB,nhl-dal-tb-2025-10-30,2025-10-07T22:14:08.83401Z,yes,yes,1.0,1
KXNHLGAME-25OCT30NSHPHI-PHI,nhl-nsh-phi-2025-10-30,2025-10-07T22:14:14.76869Z,yes,yes,1.0,1
KXNHLGAME-25OCT28MTLSEA-MTL,nhl-mon-sea-2025-10-28,2025-10-07T22:14:06.525232Z,yes,yes,1.0,1
KXNHLGAME-25OCT28NYRVAN-NYR,nhl-nyr-van-2025-10-28,2025-10-07T22:13:58.335291Z,yes,yes,1.0,1
KXNHLGAME-25OCT28DETSTL-DET,nhl-det-stl-2025-10-28,2025-10-07T22:13:56.303979Z,yes,yes,1.0,1
KXNHLGAME-25OCT28ANAFLA-ANA,nhl-ana-fla-2025-10-28,2025-10-07T22:13:34.365105Z,yes,yes,1.0,1
KXNHLGAME-25OCT27BOSOTT-OTT,nhl-bos-ott-2025-10-27,2025-10-07T22:13:33.2677Z,yes,yes,1.0,1
KXNHLGAME-25OCT26EDMVAN-VAN,nhl-edm-van-2025-10-26,2025-10-07T22:13:34.107917Z,yes,yes,1.0,1
KXNHLGAME-25OCT26DALNSH-DAL,nhl-dal-nsh-2025-10-26,2025-10-07T22:13:14.152903Z,yes,yes,1.0,1
KXNHLGAME-25OCT26COLNJ-NJ,nhl-col-nj-2025-10-26,2025-10-07T22:13:10.291518Z,yes,yes,1.0,1
KXNHLGAME-25OCT25EDMSEA-SEA,nhl-edm-sea-2025-10-25,2025-10-07T22:13:12.160335Z,yes,yes,1.0,1
KXNHLGAME-25OCT25CARDAL-DAL,nhl-car-dal-2025-10-25,2025-10-07T22:13:09.062515Z,yes,yes,1.0,1
KXNHLGAME-25OCT25CBJPIT-CBJ,nhl-cbj-pit-2025-10-25,2025-10-07T22:13:08.146853Z,yes,yes,1.0,1
KXNHLGAME-25OCT25OTTWSH-OTT,nhl-ott-wsh-2025-10-25,2025-10-07T22:12:52.250739Z,yes,yes,1.0,1
KXNHLGAME-25OCT25MTLVAN-MTL,nhl-mon-van-2025-10-25,2025-10-07T22:12:57.093085Z,yes,yes,1.0,1
KXNHLGAME-25OCT25ANATB-TB,nhl-ana-tb-2025-10-25,2025-10-07T22:12:54.977432Z,yes,yes,1.0,1
KXNHLGAME-25OCT25BUFTOR-TOR,nhl-buf-tor-2025-10-25,2025-10-07T22:13:08.806654Z,yes,yes,1.0,1
KXNHLGAME-25OCT25NYIPHI-PHI,nhl-nyi-phi-2025-10-25,2025-10-07T22:12:50.252814Z,yes,yes,1.0,1
KXNHLGAME-25OCT23CARCOL-CAR,nhl-car-col-2025-10-23,2025-10-07T22:12:30.524814Z,yes,yes,1.0,1
KXNHLGAME-25OCT23SEAWPG-SEA,nhl-sea-wpg-2025-10-23,2025-10-07T22:12:32.657504Z,yes,yes,1.0,1
KXNHLGAME-25OCT23ANABOS-ANA,nhl-ana-bos-2025-10-23,2025-10-07T22:12:26.372625Z,yes,yes,1.0,1
KXNHLGAME-25OCT23DETNYI-NYI,nhl-det-nyi-2025-10-23,2025-10-07T22:12:29.747806Z,yes,yes,1.0,1
KXNHLGAME-25OCT23CHITB-CHI,nhl-chi-tb-2025-10-23,2025-10-07T22:12:13.589066Z,yes,yes,1.0,1
KXNHLGAME-25OCT22MINNJ-NJ,nhl-min-nj-2025-10-22,2025-10-09T15:31:18.007988Z,yes,yes,1.0,1
KXNHLGAME-25OCT21CBJDAL-CBJ,nhl-cbj-dal-2025-10-21,2025-10-07T22:12:10.541935Z,yes,yes,1.0,1
KXNHLGAME-25OCT21ANANSH-ANA,nhl-ana-nsh-2025-10-21,2025-10-07T22:12:06.638492Z,yes,yes,1.0,1
KXNHLGAME-25OCT21EDMOTT-EDM,nhl-edm-ott-2025-10-21,2025-10-07T22:11:48.796328Z,yes,yes,1.0,1
KXNHLGAME-25OCT21SEAWSH-WSH,nhl-sea-wsh-2025-10-21,2025-10-07T22:11:50.442579Z,yes,yes,1.0,1
KXNHLGAME-25OCT21NJTOR-NJ,nhl-nj-tor-2025-10-21,2025-10-07T22:11:56.465913Z,yes,yes,1.0,1
KXNHLGAME-25OCT20BUFMTL-MTL,nhl-buf-mon-2025-10-20,2025-10-07T22:11:48.539044Z,yes,yes,1.0,1
KXNHLGAME-25OCT20MINNYR-MIN,nhl-min-nyr-2025-10-20,2025-10-07T22:11:50.699629Z,yes,yes,1.0,1
KXNHLGAME-25OCT19ANACHI-CHI,nhl-ana-chi-2025-10-19,2025-10-07T22:11:30.594985Z,yes,yes,1.0,1
KXNHLGAME-25OCT19VANWSH-VAN,nhl-van-wsh-2025-10-19,2025-10-07T22:11:30.851909Z,yes,yes,1.0,1
KXNHLGAME-25OCT18BOSCOL-COL,nhl-bos-col-2025-10-18,2025-10-07T22:11:28.797976Z,yes,yes,1.0,1
KXNHLGAME-25OCT18PITSJ-PIT,nhl-pit-sj-2025-10-18,2025-10-07T22:11:28.54063Z,yes,yes,1.0,1
KXNHLGAME-25OCT18SEATOR-SEA,nhl-sea-tor-2025-10-18,2025-10-07T22:11:12.974491Z,yes,yes,1.0,1
KXNHLGAME-25OCT18MINPHI-PHI,nhl-min-phi-2025-10-18,2025-10-07T22:11:27.394177Z,yes,yes,1.0,1
KXNHLGAME-25OCT18NSHWPG-WPG,nhl-nsh-wpg-2025-10-18,2025-10-07T22:11:12.717668Z,yes,yes,1.0,1
KXNHLGAME-25OCT18DALSTL-STL,nhl-dal-stl-2025-10-18,2025-10-07T22:11:13.995549Z,yes,yes,1.0,1
KXNHLGAME-25OCT18EDMNJ-NJ,nhl-edm-nj-2025-10-18,2025-10-07T22:11:06.528084Z,yes,yes,1.0,1
KXNHLGAME-25OCT18NYIOTT-NYI,nhl-nyi-ott-2025-10-18,2025-10-07T22:11:10.188526Z,yes,yes,1.0,1
KXNHLGAME-25OCT17MINWSH-WSH,nhl-min-wsh-2025-10-17,2025-10-07T22:10:53.183581Z,yes,yes,1.0,1
KXNHLGAME-25OCT16EDMNYI-NYI,nhl-edm-nyi-2025-10-16,2025-10-07T22:10:50.265478Z,yes,yes,1.0,1
KXNHLGAME-25OCT16NYRTOR-TOR,nhl-nyr-tor-2025-10-16,2025-10-07T22:10:23.08971Z,yes,yes,1.0,1
KXNHLGAME-25OCT16FLANJ-NJ,nhl-fla-nj-2025-10-16,2025-10-07T22:10:46.038001Z,yes,yes,1.0,1
KXNHLGAME-25OCT15CHISTL-CHI,nhl-chi-stl-2025-10-15,2025-10-07T22:10:29.758476Z,yes,yes,1.0,1
KXNHLGAME-25OCT14CARSJ-CAR,nhl-car-sj-2025-10-14,2025-10-07T22:10:32.163478Z,yes,yes,1.0,1
KXNHLGAME-25OCT14TBWSH-WSH,nhl-tb-wsh-2025-10-14,2025-10-07T22:10:03.797988Z,yes,yes,1.0,1
KXNHLGAME-25OCT14EDMNYR-EDM,nhl-edm-nyr-2025-10-14,2025-10-07T22:10:05.066573Z,yes,yes,1.0,1
KXNHLGAME-25OCT14NSHTOR-TOR,nhl-nsh-tor-2025-10-14,2025-10-07T22:10:04.737734Z,yes,yes,1.0,1
KXNHLGAME-25OCT13STLVAN-STL,nhl-stl-van-2025-10-13,2025-10-07T15:31:18.092711Z,yes,yes,1.0,1
KXNHLGAME-25OCT13DETTOR-DET,nhl-det-tor-2025-10-13,2025-10-07T15:31:22.077Z,yes,yes,1.0,1
KXNHLGAME-25OCT13FLAPHI-PHI,nhl-fla-phi-2025-10-13,2025-10-07T15:31:24.009914Z,yes,yes,1.0,1
KXNHLGAME-25OCT13NSHOTT-NSH,nhl-nsh-ott-2025-10-13,2025-10-07T15:31:18.349Z,yes,yes,1.0,1
KXNHLGAME-25OCT11ANASJ-ANA,nhl-ana-sj-2025-10-11,2025-10-05T15:31:28.883457Z,yes,yes,1.0,1
KXNHLGAME-25OCT11CBJMIN-CBJ,nhl-cbj-min-2025-10-11,2025-10-05T15:31:26.689423Z,yes,yes,1.0,1
KXNHLGAME-25OCT11NYRPIT-NYR,nhl-nyr-pit-2025-10-11,2025-10-05T15:31:27.457389Z,yes,yes,1.0,1
KXNHLGAME-25OCT11NJTB-NJ,nhl-nj-tb-2025-10-11,2025-10-05T15:31:26.945132Z,yes,yes,1.0,1
KXNHLGAME-25OCT09MINSTL-MIN,nhl-min-stl-2025-10-09,2025-10-03T16:31:30.354451Z,yes,yes,1.0,1
KXNHLGAME-25OCT09ANASEA-SEA,nhl-ana-sea-2025-10-09,2025-10-03T16:31:32.084903Z,yes,yes,1.0,1
KXNHLGAME-25OCT09DALWPG-DAL,nhl-dal-wpg-2025-10-09,2025-10-03T16:31:28.499628Z,yes,yes,1.0,1
KXNHLGAME-25OCT09CBJNSH-NSH,nhl-cbj-nsh-2025-10-09,2025-10-03T16:31:30.096Z,yes,yes,1.0,1
KXNHLGAME-25OCT09OTTTB-OTT,nhl-ott-tb-2025-10-09,2025-10-03T16:31:21.271737Z,yes,yes,1.0,1
KXNHLGAME-25OCT09NYIPIT-PIT,nhl-nyi-pit-2025-10-09,2025-10-03T16:31:21.009814Z,yes,yes,1.0,1
KXNHLGAME-25OCT08BOSWSH-BOS,nhl-bos-wsh-2025-10-08,2025-10-02T16:31:38.822Z,yes,yes,1.0,1
KXNHLGAME-25OCT08MTLTOR-TOR,nhl-mon-tor-2025-10-08,2025-10-02T16:31:38.510959Z,yes,yes,1.0,1
KXNHLGAME-25OCT07CHIFLA-FLA,nhl-chi-fla-2025-10-07,2025-10-02T16:31:34.55351Z,yes,yes,1.0,1
KXNHLGAME-25OCT04SJUTA-SJ,nhl-sj-uta-2025-10-04,2025-10-02T16:31:32.594775Z,no,no,0.2,1
KXNHLGAME-25OCT04COLDAL-DAL,nhl-col-dal-2025-10-04,2025-10-02T16:31:28.542725Z,yes,yes,1.0,1
KXNHLGAME-25OCT04ANALA-LA,nhl-ana-la-2025-10-04,2025-10-02T16:31:28.799635Z,yes,yes,1.0,1
KXNHLGAME-25OCT04NJPHI-PHI,nhl-nj-phi-2025-10-04,2025-10-02T16:31:26.241105Z,yes,yes,1.0,1
KXNHLGAME-25OCT03EDMVAN-VAN,nhl-edm-van-2025-10-03,2025-10-02T16:31:24.137259Z,yes,yes,1.0,1
KXNHLGAME-25OCT03BUFPIT-PIT,nhl-buf-pit-2025-10-03,2025-10-02T16:31:20.528453Z,yes,yes,1.0,1
KXNHLGAME-25OCT02OTTSTL-STL,nhl-ott-stl-2025-10-02,2025-10-02T16:31:18.216275Z,yes,yes,1.0,1
KXNHLGAME-25OCT02NJNYR-NJ,nhl-nj-nyr-2025-10-02,2025-10-02T16:31:16.512864Z,yes,yes,1.0,1
KXNHLGAME-25OCT02LAUTA-UTA,nhl-la-uta-2025-10-02,2025-10-02T16:31:20.27189Z,yes,yes,1.0,1
KXNHLGAME-25OCT02DETTOR-DET,nhl-det-tor-2025-10-02,2025-10-02T16:31:16.256353Z,yes,yes,1.0,1
KXNHLGAME-25OCT02NYIPHI-NYI,nhl-nyi-phi-2025-10-02,2025-10-02T16:31:15.596839Z,yes,yes,1.0,1
KXNHLGAME-25OCT02FLATB-TB,nhl-fla-tb-2025-10-02,2025-10-02T16:31:18.472849Z,yes,yes,1.0,1
KXNHLGAME-25SEP28CHIMIN-CHI,nhl-chi-min-2025-09-28,2025-09-22T20:16:23.787629Z,yes,yes,1.0,1
KXNHLGAME-25SEP28NJOTT-OTT,nhl-nj-ott-2025-09-28,2025-09-22T20:16:19.499498Z,yes,yes,1.0,1
KXNHLGAME-25SEP27CHISTL-CHI,nhl-chi-stl-2025-09-27,2025-09-22T20:16:19.757185Z,yes,yes,1.0,1
KXNHLGAME-25SEP27MTLTOR-MTL,nhl-mon-tor-2025-09-27,2025-09-22T20:16:09.327797Z,yes,yes,1.0,1
KXNHLGAME-25SEP27ANALA-ANA,nhl-ana-la-2025-09-27,2025-09-22T20:16:00.31061Z,yes,yes,1.0,1
KXNHLGAME-25SEP27CBJPIT-PIT,nhl-cbj-pit-2025-09-27,2025-09-22T20:16:17.778712Z,yes,yes,1.0,1
KXNHLGAME-25SEP27CGYWPG-CGY,nhl-cgy-wpg-2025-09-27,2025-09-22T20:16:17.494172Z,no,no,,1
KXNHLGAME-25SEP27BOSPHI-BOS,nhl-bos-phi-2025-09-27,2025-09-22T20:16:03.192362Z,yes,yes,1.0,1
KXNHLGAME-25SEP26SEAVAN-VAN,nhl-sea-van-2025-09-26,2025-09-20T06:23:10.498461Z,yes,yes,1.0,1
KXNHLGAME-25SEP26DETPIT-PIT,nhl-det-pit-2025-09-26,2025-09-20T06:23:04.474341Z,yes,yes,1.0,1
KXNHLGAME-25SEP26NJNYI-NJ,nhl-nj-nyi-2025-09-26,2025-09-20T06:23:06.540056Z,yes,yes,1.0,1
KXNHLGAME-25SEP26CARTB-TB,nhl-car-tb-2025-09-26,2025-09-20T06:23:04.21815Z,yes,yes,1.0,1
